{"count":1,"self":366.2604032,"total":483.330173,"children":{"InitializeActuators":{"count":1,"self":0.00058999999999999992,"total":0.00058999999999999992,"children":null},"InitializeSensors":{"count":1,"self":0.00050599999999999994,"total":0.00050599999999999994,"children":null},"AgentSendState":{"count":231501,"self":0.25099299999999997,"total":10.397300999999999,"children":{"CollectObservations":{"count":46301,"self":0.163402,"total":0.163402,"children":null},"WriteActionMask":{"count":46301,"self":0.026779999999999998,"total":0.026779999999999998,"children":null},"RequestDecision":{"count":46301,"self":0.155226,"total":9.956126,"children":{"AgentInfo.ToProto":{"count":46301,"self":0.139974,"total":9.8009,"children":{"GenerateSensorData":{"count":46301,"self":9.6609264,"total":9.660926,"children":null}}}}}}},"DecideAction":{"count":231501,"self":105.99601919999999,"total":105.99601899999999,"children":null},"AgentAct":{"count":231501,"self":0.563101,"total":0.675337,"children":{"AgentInfo.ToProto":{"count":458,"self":0.0013679999999999999,"total":0.11223599999999999,"children":{"GenerateSensorData":{"count":458,"self":0.110868,"total":0.110868,"children":null}}}}}},"gauges":{"ShipBehavior.CumulativeReward":{"count":458,"max":38.04068,"min":-5.0295,"runningAverage":7.431703,"value":12.1364279,"weightedAverage":4.053896}},"metadata":{"timer_format_version":"0.1.0","start_time_seconds":"1779800247","unity_version":"6000.4.2f1","command_line_arguments":"\/Applications\/Unity\/Hub\/Editor\/6000.4.2f1\/Unity.app\/Contents\/MacOS\/Unity -projectpath \/Users\/jonathancamposlozano\/Documents\/Phd\/RL\/Simulation\/Artemis -acceptSoftwareTermsForThisRunOnly -useHub -hubIPC -cloudEnvironment production","communication_protocol_version":"1.5.0","com.unity.ml-agents_version":"4.0.2","scene_name":"SampleScene","end_time_seconds":"1779800730"}}